V_bus,I_total,CPU_load,RAM_usage,MCU_temp
27.985764115729804,0.9460272568716134,12.877629958134339,139.2283898336496,29.271062149090586
28.20572217375815,1.1377611626591877,15.955220395480708,133.26952676469972,28.517149243689445
28.028326194110605,1.053553311209615,15.313633736542812,135.34432676259632,30.46105578697248
28.132981197825654,1.030331378189139,11.932999070461873,134.07342626417724,31.37663836061729
27.98453781489526,1.136996310406407,17.76768267771698,132.05319749544554,31.389980232194617
27.99309691408699,1.0075107432168569,17.665681829840505,134.47996709823963,29.664936991298298
28.075518048507792,1.1356235523989808,10.925346810715249,130.66021646212144,29.81120335796934
28.08256466485126,1.14525403228505,15.901638707947624,138.82933760587505,29.391839166324115
27.98869307902987,1.1251325863905952,16.378807737546254,138.2114273910714,31.249906912180517
27.76321624052719,1.1104779528189757,11.001888938786738,133.86851717320025,29.847692581233613
27.983295056739347,1.0943911706575382,12.183598377081427,134.25055616313125,30.70664671532249
28.068539796751274,1.075809586134676,17.30974712795672,135.0785797060428,30.03711206807832
28.00235001084849,1.0459011777983316,12.306025454920597,137.8595714618919,30.924537650160254
28.04562012794911,1.2184287165545626,11.909433219820212,139.860309346955,31.672360623412544
28.027049278206643,1.0777695288086915,10.992727548682668,131.6523994507295,29.842618747989
27.856499185613355,1.0538269702871432,15.27648556566133,138.75390522689997,30.261686849760085
28.08828171461848,1.0953375063861137,19.93960401319748,132.3898086919892,29.97585444056212
27.94199183360597,1.1288790093111423,14.820936725997244,138.8323616390767,29.838962506545364
27.94984346960504,1.1510385597378763,17.950574135650776,131.75764189627375,29.311092340015904
28.059095329445753,1.0885990226305322,18.310839859462433,135.54409737511943,28.754362455598972
22.0,5.5,15.177463820001908,137.1447906989766,27.50382041443976
22.0,5.5,11.61966617339218,137.17549362955054,30.004018320477368
22.0,5.5,11.464736884324392,135.47204114412187,29.855256432614404
22.0,5.5,17.32269202888639,139.95129032141134,30.79267038207494
22.0,5.5,17.841476681640227,136.3522742831267,29.698077500537202
22.0,5.5,14.20994440917697,138.13246989352587,28.238088422284953
22.0,5.5,15.433744436158618,132.2202651912788,30.669075897619063
22.0,5.5,14.607207484535255,130.98988316966125,32.35401443016125
22.0,5.5,14.200432043979713,136.95320039722927,29.581557843561544
22.0,5.5,18.267066139631964,135.5021893516234,30.796297015331277
22.0,5.5,13.965196845099026,131.92277779221666,31.108184175020494
22.0,5.5,16.762770030913813,131.68018113185835,28.919626979310703
22.0,5.5,10.585845335445272,139.32723946532917,29.045928867746877
22.0,5.5,11.24512981794994,130.28351186738357,30.530885774261353
22.0,5.5,12.30756991072219,133.64220133443285,29.296236459788602
22.0,5.5,16.030190971309977,130.0679361740487,28.596187293539842
22.0,5.5,14.09961294193582,132.85594122024733,30.283944579084423
22.0,5.5,17.247993792642962,138.33670866294108,32.2611661780328
22.0,5.5,12.374675784037482,132.68990162347464,28.413213821836944
22.0,5.5,19.691967756209117,132.97086311480282,29.11043045653602
22.0,5.5,16.00281968011525,133.76319283660962,30.452765036009225
27.947121519690075,1.1022326423083084,18.954279212401264,137.1212126729281,29.35539274572702
28.17634779174486,1.0574141746296708,11.271827461738262,132.18478429100037,29.533974634347366
27.887839217249468,1.0091603354881755,12.462163773061786,134.57145715654548,29.72204040280539
27.880806583317096,1.0890830764996842,14.778767195383917,130.28261147542906,29.548100652290138
28.055273191775058,1.0525170859677282,15.856057595968364,134.12107492726545,29.716124429146376
27.918401905113438,1.1258782146246424,16.632472689035072,130.58767903048044,29.361878812450133
27.950335315077176,1.164699074366931,10.155251130459892,133.23891950082265,30.77299414454593
28.108622556330676,1.138000047302826,18.23516475391564,131.01317278943253,29.556538083286647
27.902532472332183,1.1218223479542029,17.537479711277918,139.74063145227709,29.290628016275466
27.971786418208943,1.1682816818933772,19.828952993713596,130.15102072364132,30.179822997347557
27.988278585006228,1.050959045022339,12.557268442174266,136.03571785229664,30.682571454393322
28.03785472663608,1.071174004747172,16.79862946409866,130.78699429408596,30.31852740695903
28.073219464717827,1.1092754971399186,16.86787095647289,133.7685196903852,30.477442278988814
27.989642896538314,1.0802163351714003,15.030341264487245,137.92447963181982,31.242504178284637
27.880129371984253,1.1072588682726112,11.279380606813213,132.6990796854255,27.93504149476968
28.101003557627926,1.0810945984433449,12.597852093887342,138.471017287407,28.75799559952877
28.287536032987422,1.0868878878475643,19.98241236289162,134.63854612028973,29.016181578214415
28.08203126436149,1.078633795647951,19.464559827623617,131.46681776928662,28.700486151763478
28.05606115059345,1.137200595632279,17.471044760354566,132.3461222903844,30.096131434982766
27.962435780068922,1.0906922132131505,16.850170800865346,150.0,30.029150236619657
27.97478957013592,1.0344776599269185,18.899330006499014,165.0,31.150578651472273
27.861038655282822,1.0939090422610154,12.644471386756035,180.0,29.822255272029018
28.061733227685384,1.0695578403220216,11.458813097549017,195.0,28.784293940709656
27.98642129522331,1.172194618251975,11.334593789508988,210.0,31.475197396248117
28.12879049567743,1.1181163126392846,14.88308845703876,225.0,31.23469193784805
27.896300560262556,1.1635358900220412,19.554671515051986,240.0,30.296172262518382
28.136433213764523,1.1055526498482366,14.864093273082197,255.0,31.869452821704353
27.969004336338607,1.146046729218863,17.951433686663567,270.0,32.92658774763689
27.938888288107396,1.138244302743824,18.137274407557534,285.0,29.433726259288054
27.951689422234374,1.1279022049187464,13.112445277337669,300.0,29.405026734001087
27.93910163124296,1.0130133323983324,13.976811325989845,315.0,30.886952628278095
27.791166470235293,1.1099800974295364,11.188709496897177,330.0,29.712227468505898
28.0639321998149,1.1680388124174976,16.94475068742158,345.0,30.8768111591893
28.077430395266763,1.1006730179882358,19.78310477074747,360.0,30.84383924145244
28.127856940087625,1.1584996053956973,12.920493914490088,375.0,29.496476536240316
28.070527601934426,1.0759840706149368,17.464823301117143,390.0,31.121526000139813
28.06559773808298,1.0846587861713952,15.62692709353139,405.0,30.84914121785905
27.832149796424854,1.1344285594886145,11.521683547673403,420.0,29.75910019291926
28.018310986750482,1.0293230113072418,18.43904875408357,435.0,31.19527709476089
27.886677591177325,1.1836259367543565,12.220220178494111,450.0,33.15234400335714
27.97209142890094,1.086233800488796,12.836073311095998,137.28784075908447,30.824499541755035
28.139661989918036,1.1656708329689645,14.335866094688665,132.73311070768196,28.64771384055462
28.00322194430705,1.0701016959228402,15.355007512652353,135.13922859736002,29.756523257484915
27.738633922841327,1.1375879940656028,18.419767870201945,138.04443320515927,29.59626853029622
27.899842236980565,1.0792094756286352,14.489983929071679,139.81497968138237,29.26567012268343
27.943248899361773,1.023071499388117,14.775209246986982,130.4364397466129,30.628772111543913
27.977434197131277,1.0788307353773336,11.126745999141185,134.6279777125516,31.985862024059664
28.09380238053031,1.094322732461675,19.106067896703927,135.64274078666347,30.262636861266937
28.083678412593045,1.1239932770049958,13.119138326909244,131.86859913633458,29.04289790306518
28.081214847532006,1.0605106216368037,14.203024009592164,136.0120640995095,30.57005710216146
28.023230697313732,1.1259830994677045,17.700441963577777,136.73941608511763,28.83459418674488
27.97048923268314,1.0870349297823976,13.101444796393379,138.66733583627132,30.928333704225526
27.963832399551833,1.0010503132806594,12.04760291028753,138.86328618145956,30.26683663205894
28.043211507463866,1.1492279047835157,15.5089502947148,137.69897817556583,29.49653364749933
28.093395854753478,1.1539005650922762,15.504378272456478,134.2642813279961,29.24739916337813
28.155263385671056,1.0821359335352394,11.072641420569552,136.27527665347338,30.4561189114079
28.009362340745938,1.0906332690636273,18.64545256858874,135.58177253810555,31.210188535152394
28.029482583042387,1.0738010536906069,10.885671235426308,130.35449289913151,31.39070987615735
28.14854307682658,1.119021860031168,19.325613923131176,131.08899851107634,30.179628237344307
27.8913114846838,1.0705141456677636,19.432887753310972,138.74110345688092,30.32432211107201
28.082116281304366,1.141585923694076,19.135939360195813,133.97917850849802,29.82738128995503
27.921205079807923,1.092775878907172,18.568633136775045,134.4297866040693,29.082832523475744
28.159381165207005,1.0350981430135096,17.46447611934201,135.5820027993686,29.200054206971153
28.140590436272483,1.1343151320594065,17.982964464104143,132.3672939995359,31.387498548711324
28.164475656745882,1.1235288055742703,13.17198354885053,136.885424545624,29.305419144458817
28.154159870706692,1.0076052924390424,11.042730028002461,135.62599480504346,31.556390727705203
28.084060763750305,1.1092912183858064,13.841665115919621,130.50275794856177,29.419733903545954
27.897690560155453,1.1280581566586008,11.344304633660101,137.2321889676585,28.363345075031468
28.049477230193595,1.0953266210985375,18.128504254260196,135.44640878230803,29.423154865347886
28.08957325978939,1.0760223629849954,98.90807000417414,135.3340713345246,80.56225932075772
28.047735201363853,1.1614278623653322,98.71843017626288,139.93423782118094,81.95686107534071
27.988546947722206,1.0669325716512759,99.90092412281412,132.06233182734712,82.84618861729777
28.01568974323963,1.187161745822717,99.67865585696114,133.22891500981638,82.00469957600794
28.038759666583484,1.063911026138079,98.37942337821906,136.8010959598844,77.18330875174574
27.897377341783592,1.1470057828081006,99.07642079478168,132.6181943801427,78.01078175764854
28.06791429010208,1.1902271988501647,99.88173912386728,139.64946678236953,82.93265011767893
28.055491037164977,1.0358738254975042,99.16920910332242,138.170812619076,82.39434746735037
27.986828307401492,1.123887923472193,98.52440347625968,132.95917214787622,81.63177263612792
28.066789428073616,1.063946699739619,99.28356723953834,139.56868017570017,85.35219736217539
28.116363972768077,1.1400866598562123,98.54515768466544,136.89085865245977,82.55909227232414
27.898333277588417,1.1717914817220383,99.66252479647731,134.01222047990186,77.09242292158254
28.14706683285907,1.1887514166667765,99.61862115064989,139.62955035983768,79.33640388874453
28.10163211250602,1.1513303840868847,99.29673235627479,132.64798925936674,85.91822353542736
28.10061103916422,1.0834225360918388,99.5646250576203,137.64039603973225,83.40346110565356
28.09973324473665,1.1361050269761037,98.32430021344994,136.32341194564574,81.15213984997966
28.071442198253973,1.2316652461953272,98.47108875926848,137.77190241614386,85.74332192232822
28.000064959349327,1.163017559096251,98.65783003462502,134.70801515660065,85.52956503078684
27.92667050772891,1.211699932005139,98.19135089200873,135.1812547025082,84.70299125024763
28.05124373074277,1.158270231047716,99.6368102222747,130.1395436160947,82.60520347787858
28.01329075662549,1.0412344469149466,99.24309036582572,137.6728781832391,83.36580987546944
27.930634752793317,1.0872926405602719,98.0026636253407,130.7638891277377,86.44368640058634
28.17596289894745,1.1365831571221734,98.66325421748702,133.71781247894924,82.55015887702551
28.08405285863734,1.0542725924499767,99.28290314617983,133.6468819546334,82.05808187213198
27.968910983761468,1.1357717736126518,99.36123196931597,139.1567176726164,87.96169015537801
27.84255739994858,1.0049266941004271,99.4193347927736,131.99236300304176,77.09672142578897
27.91619279409615,1.0976366160399484,99.83735368870913,139.18702436857168,86.07009312941535
28.048859199805648,1.130880278097391,98.23993237584483,131.13974991633515,82.76842986015114
27.974227163146555,1.0085576865575108,98.7661520457642,137.4776686162095,82.77597637202841
27.86825236639972,1.1290781064124418,98.4089700540933,131.45965664379457,81.28310482105407
28.026689120336762,1.146880265003555,99.6544379631259,138.72427452185346,85.63517352927693
27.984125813095126,1.1484576511366587,17.770851870341502,136.84099573524566,29.5525509451092
27.95973803930741,1.019796026959976,14.22500890321977,139.58638399427082,29.93422030771377
27.87550912499572,1.0306970206561792,13.8338650720046,130.63597413412052,29.178993825584158
28.03346651211705,1.1593201044838057,11.853374363945937,132.48733393307302,30.43334866007256
27.892745204596224,1.1594029377342887,18.56011483504975,135.42259940262423,32.05482081939498
27.978734896761313,1.049696886952974,18.29286261715637,132.1636258815742,27.790811980999493
28.116056690987524,1.036132740788795,11.058349286467202,131.58333360279468,30.368623908612303
28.124447986727617,1.1510193079426632,14.73925822582807,138.46486337273032,27.647743803558015
27.98719178533548,1.004929046355399,16.244797620283904,136.99871002873533,30.414486149468253
